{
  "images" : [
    {
      "filename" : "rectangle.png",
      "idiom" : "universal",
      "resizing" : {
        "cap-insets" : {
          "bottom" : 37,
          "left" : 35,
          "right" : 35,
          "top" : 33
        },
        "center" : {
          "height" : 1,
          "mode" : "tile",
          "width" : 1
        },
        "mode" : "9-part"
      },
      "scale" : "1x"
    },
    {
      "filename" : "rectangle@2x.png",
      "idiom" : "universal",
      "resizing" : {
        "cap-insets" : {
          "bottom" : 74,
          "left" : 70,
          "right" : 70,
          "top" : 66
        },
        "center" : {
          "height" : 1,
          "mode" : "tile",
          "width" : 1
        },
        "mode" : "9-part"
      },
      "scale" : "2x"
    },
    {
      "filename" : "rectangle@3x.png",
      "idiom" : "universal",
      "resizing" : {
        "cap-insets" : {
          "bottom" : 111,
          "left" : 105,
          "right" : 105,
          "top" : 99
        },
        "center" : {
          "height" : 1,
          "mode" : "tile",
          "width" : 1
        },
        "mode" : "9-part"
      },
      "scale" : "3x"
    }
  ],
  "info" : {
    "author" : "xcode",
    "version" : 1
  }
}
