{
  "images" : [
    {
      "resizing" : {
        "mode" : "9-part",
        "center" : {
          "mode" : "tile",
          "width" : 1,
          "height" : 1
        },
        "cap-insets" : {
          "bottom" : 32,
          "top" : 29,
          "right" : 31,
          "left" : 31
        }
      },
      "idiom" : "universal",
      "filename" : "CELL_LABEL.png",
      "scale" : "1x"
    },
    {
      "resizing" : {
        "mode" : "9-part",
        "center" : {
          "mode" : "tile",
          "width" : 1,
          "height" : 1
        },
        "cap-insets" : {
          "bottom" : 70,
          "top" : 57,
          "right" : 59,
          "left" : 59
        }
      },
      "idiom" : "universal",
      "filename" : "CELL_LABEL@2x.png",
      "scale" : "2x"
    },
    {
      "resizing" : {
        "mode" : "9-part",
        "center" : {
          "mode" : "tile",
          "width" : 1,
          "height" : 1
        },
        "cap-insets" : {
          "bottom" : 109,
          "top" : 82,
          "right" : 89,
          "left" : 89
        }
      },
      "idiom" : "universal",
      "filename" : "CELL_LABEL@3x.png",
      "scale" : "3x"
    }
  ],
  "info" : {
    "version" : 1,
    "author" : "xcode"
  }
}