{
  "images" : [
    {
      "resizing" : {
        "mode" : "9-part",
        "center" : {
          "mode" : "tile",
          "width" : 1,
          "height" : 1
        },
        "cap-insets" : {
          "bottom" : 22,
          "top" : 20,
          "right" : 21,
          "left" : 21
        }
      },
      "idiom" : "universal",
      "filename" : "CELL_PRODUCT_ORANGE.png",
      "scale" : "1x"
    },
    {
      "resizing" : {
        "mode" : "9-part",
        "center" : {
          "mode" : "tile",
          "width" : 1,
          "height" : 1
        },
        "cap-insets" : {
          "bottom" : 44,
          "top" : 36,
          "right" : 39,
          "left" : 39
        }
      },
      "idiom" : "universal",
      "filename" : "CELL_PRODUCT_ORANGE@2x.png",
      "scale" : "2x"
    },
    {
      "resizing" : {
        "mode" : "9-part",
        "center" : {
          "mode" : "tile",
          "width" : 1,
          "height" : 1
        },
        "cap-insets" : {
          "bottom" : 66,
          "top" : 50,
          "right" : 54,
          "left" : 54
        }
      },
      "idiom" : "universal",
      "filename" : "CELL_PRODUCT_ORANGE@3x.png",
      "scale" : "3x"
    }
  ],
  "info" : {
    "version" : 1,
    "author" : "xcode"
  }
}